Death.Type,Both,Male,Female
Total,"84,908","43,306","41,602"
COVID,"19,315","11,472","7,843"
,,,
Percentage,22.74815094,26.49055558,18.85245902
